{
  "profile": "case9-access-baseline",
  "seed": 42,
  "durationSec": 600,
  "stepSec": 1,
  "totalSatellites": 528,
  "passesFound": 53,
  "maxSatsVisible": 30,
  "cacheTimeMs": 241,
  "simTimeMs": 188,
  "kpi": {
    "totalTicks": 598,
    "wallClockMs": 188.149319,
    "durationSec": 599,
    "totalHandovers": 0,
    "handoverFailures": 0,
    "unnecessaryHandovers": 0,
    "pingPongCount": 0,
    "handoverRate": 0,
    "meanHandoverInterruptionMs": 0,
    "meanSinrDb": 7.570009570279168,
    "sinrPercentile5Db": 1.5086177776673655,
    "sinrPercentile50Db": 7.6767364559169025,
    "sinrPercentile95Db": 13.713183786661942,
    "outageRatio": 0.006505016722408026,
    "meanThroughputMbps": 56.87171070703819,
    "cellEdgeThroughputMbps": 25.444564561338183,
    "meanServiceTimeSec": 199,
    "serviceAvailability": 0.9966666666666667,
    "jainFairnessIndex": 0.900420113034941
  }
}