{
  "profile": "case9-access-baseline",
  "seed": 42,
  "durationSec": 300,
  "stepSec": 1,
  "totalSatellites": 528,
  "passesFound": 40,
  "maxSatsVisible": 30,
  "cacheTimeMs": 132,
  "simTimeMs": 77,
  "kpi": {
    "totalTicks": 300,
    "wallClockMs": 76.89377200000001,
    "durationSec": 299,
    "totalHandovers": 1,
    "handoverFailures": 0,
    "unnecessaryHandovers": 1,
    "pingPongCount": 0,
    "handoverRate": 0.20066889632107024,
    "meanHandoverInterruptionMs": 0,
    "meanSinrDb": 7.784323224062461,
    "sinrPercentile5Db": 1.8446817141681888,
    "sinrPercentile50Db": 7.82098875625665,
    "sinrPercentile95Db": 13.777245050003852,
    "outageRatio": 0.0033333333333333335,
    "meanThroughputMbps": 57.774581239016705,
    "cellEdgeThroughputMbps": 26.77377844392469,
    "meanServiceTimeSec": 299,
    "serviceAvailability": 1,
    "jainFairnessIndex": 0.9015617742392742
  }
}