{
  "profile": "case9-access-baseline",
  "seed": 42,
  "durationSec": 1800,
  "stepSec": 1,
  "totalSatellites": 528,
  "passesFound": 102,
  "maxSatsVisible": 30,
  "cacheTimeMs": 739,
  "simTimeMs": 361,
  "kpi": {
    "totalTicks": 1791,
    "wallClockMs": 360.51943800000004,
    "durationSec": 1799,
    "totalHandovers": 1,
    "handoverFailures": 0,
    "unnecessaryHandovers": 1,
    "pingPongCount": 0,
    "handoverRate": 0.033351862145636464,
    "meanHandoverInterruptionMs": 0,
    "meanSinrDb": 7.209756513125494,
    "sinrPercentile5Db": 1.3216926161813338,
    "sinrPercentile50Db": 7.411951137218967,
    "sinrPercentile95Db": 13.39612557943803,
    "outageRatio": 0.010480178671133445,
    "meanThroughputMbps": 55.404532051207994,
    "cellEdgeThroughputMbps": 24.72333307833714,
    "meanServiceTimeSec": 179,
    "serviceAvailability": 0.995,
    "jainFairnessIndex": 0.8976187618945751
  }
}