episode,loss_q1,loss_q2,loss_q3
0,15230.524088541666,0.08947283857398564,1.2471172445350223
